equipment_id,record_date,operating_hours,downtime_hours,utilization_percent,performance_score
1,2026-01-01,17.0,5.73,74.79,65.28
1,2026-01-02,15.25,1.36,91.82,93.68
1,2026-01-03,14.46,5.26,73.32,67.53
1,2026-01-04,14.16,5.83,70.83,61.46
1,2026-01-05,20.66,1.67,92.53,87.8
1,2026-01-06,16.43,3.39,82.92,74.75
1,2026-01-07,17.46,2.1,89.25,82.01
1,2026-01-08,16.34,2.51,86.66,82.57
1,2026-01-09,17.65,4.82,78.55,69.12
1,2026-01-10,18.74,0.76,96.12,90.34
1,2026-01-11,18.86,1.44,92.92,88.24
1,2026-01-12,19.47,2.92,86.96,80.24
1,2026-01-13,14.98,3.22,82.29,78.31
1,2026-01-14,16.49,3.36,83.07,72.69
1,2026-01-15,18.37,1.52,92.37,91.56
1,2026-01-16,14.71,1.58,90.31,87.67
1,2026-01-17,14.36,2.29,86.25,77.24
1,2026-01-18,20.63,2.46,89.34,82.25
1,2026-01-19,16.25,3.48,82.34,76.34
1,2026-01-20,14.6,5.93,71.12,58.11
1,2026-01-21,20.18,1.59,92.68,92.59
1,2026-01-22,20.17,0.91,95.7,96.67
1,2026-01-23,16.87,1.14,93.68,92.4
1,2026-01-24,16.65,0.85,95.14,96.37
1,2026-01-25,16.49,2.29,87.81,85.67
1,2026-01-26,21.1,3.1,87.2,85.07
1,2026-01-27,14.96,4.42,77.18,69.42
1,2026-01-28,20.17,3.22,86.25,84.43
1,2026-01-29,18.18,2.85,86.44,81.0
1,2026-01-30,16.51,3.3,83.36,75.87
1,2026-01-31,21.26,1.87,91.91,92.6
1,2026-02-01,15.83,0.92,94.49,91.09
1,2026-02-02,16.32,1.39,92.17,92.14
1,2026-02-03,20.43,1.53,93.05,90.98
1,2026-02-04,21.14,3.47,85.91,76.87
1,2026-02-05,15.82,2.85,84.74,78.06
1,2026-02-06,20.54,5.23,79.7,69.24
1,2026-02-07,17.34,1.72,90.97,86.82
1,2026-02-08,14.96,2.36,86.39,81.19
1,2026-02-09,18.15,4.37,80.61,73.09
1,2026-02-10,16.91,5.84,74.31,56.87
1,2026-02-11,16.28,0.7,95.86,94.38
1,2026-02-12,18.88,3.26,85.25,78.15
1,2026-02-13,15.16,3.19,82.61,77.13
1,2026-02-14,21.89,1.83,92.28,92.04
1,2026-02-15,15.9,4.51,77.92,71.17
1,2026-02-16,16.94,3.98,80.99,74.79
1,2026-02-17,14.72,5.09,74.29,70.68
1,2026-02-18,16.57,1.53,91.57,88.81
1,2026-02-19,19.42,0.59,97.05,94.35
1,2026-02-20,18.1,1.75,91.2,84.52
1,2026-02-21,19.53,2.63,88.14,84.31
1,2026-02-22,21.49,1.26,94.48,89.62
1,2026-02-23,21.4,5.33,80.07,68.45
1,2026-02-24,16.06,4.13,79.55,71.97
1,2026-02-25,18.24,1.83,90.88,91.14
1,2026-02-26,14.74,5.43,73.07,62.98
1,2026-02-27,16.71,2.42,87.35,84.85
1,2026-02-28,19.81,5.43,78.47,68.36
1,2026-03-01,19.14,0.96,95.21,94.32
1,2026-03-02,15.29,5.44,73.75,63.75
1,2026-03-03,14.04,1.38,91.02,86.11
1,2026-03-04,18.39,4.31,81.03,68.84
1,2026-03-05,19.7,1.8,91.61,89.97
1,2026-03-06,16.6,4.61,78.28,71.96
1,2026-03-07,19.26,3.63,84.16,78.14
1,2026-03-08,14.75,2.52,85.4,77.68
1,2026-03-09,21.78,2.66,89.11,81.34
1,2026-03-10,21.14,3.97,84.18,76.28
1,2026-03-11,18.62,3.21,85.3,83.24
1,2026-03-12,15.56,4.47,77.67,65.51
1,2026-03-13,21.52,5.75,78.93,68.88
1,2026-03-14,21.32,2.54,89.37,85.72
1,2026-03-15,21.71,5.19,80.7,70.1
1,2026-03-16,16.36,2.62,86.2,79.63
1,2026-03-17,15.36,3.56,81.17,76.61
1,2026-03-18,21.49,4.33,83.24,71.93
1,2026-03-19,18.92,5.95,76.09,64.66
1,2026-03-20,15.12,3.35,81.86,76.23
1,2026-03-21,19.58,4.36,81.77,74.73
1,2026-03-22,16.88,2.11,88.86,86.18
1,2026-03-23,20.94,5.52,79.13,69.62
1,2026-03-24,18.09,3.26,84.74,79.93
1,2026-03-25,19.62,4.88,80.09,73.74
1,2026-03-26,21.12,2.36,89.95,82.92
1,2026-03-27,18.63,0.7,96.39,94.28
1,2026-03-28,17.72,3.48,83.57,78.66
1,2026-03-29,14.24,0.71,95.28,89.03
1,2026-03-30,20.58,2.48,89.24,84.47
1,2026-03-31,20.16,1.69,92.28,85.67
1,2026-04-01,18.98,0.97,95.14,93.34
1,2026-04-02,18.33,4.01,82.06,72.09
1,2026-04-03,19.81,5.87,77.15,59.34
1,2026-04-04,20.36,1.99,91.1,87.68
1,2026-04-05,17.51,0.93,94.95,94.6
1,2026-04-06,17.27,1.45,92.24,91.93
1,2026-04-07,15.25,1.88,89.05,90.59
1,2026-04-08,19.28,2.04,90.43,87.57
1,2026-04-09,21.64,4.56,82.6,79.85
1,2026-04-10,17.36,1.86,90.31,89.68
1,2026-04-11,16.85,4.67,78.3,70.3
1,2026-04-12,17.79,1.04,94.49,94.74
1,2026-04-13,17.93,3.1,85.24,78.28
1,2026-04-14,17.19,3.89,81.56,70.04
1,2026-04-15,19.08,0.75,96.22,99.05
1,2026-04-16,18.03,5.21,77.57,62.85
1,2026-04-17,19.27,1.4,93.24,91.05
1,2026-04-18,14.21,3.72,79.25,70.0
1,2026-04-19,21.52,3.67,85.45,82.88
1,2026-04-20,17.67,3.5,83.46,72.75
1,2026-04-21,21.53,2.62,89.14,84.73
1,2026-04-22,14.57,2.25,86.6,80.22
1,2026-04-23,20.76,0.63,97.06,94.04
1,2026-04-24,14.95,4.33,77.53,71.41
1,2026-04-25,19.03,5.33,78.13,69.92
1,2026-04-26,16.26,1.48,91.68,90.61
1,2026-04-27,20.0,4.94,80.2,70.27
1,2026-04-28,16.98,4.77,78.06,68.88
1,2026-04-29,16.73,5.62,74.85,62.96
1,2026-04-30,20.01,4.65,81.14,75.14
1,2026-05-01,14.82,5.46,73.07,66.06
1,2026-05-02,16.56,5.43,75.32,64.54
1,2026-05-03,17.11,0.56,96.83,96.69
1,2026-05-04,21.6,3.65,85.53,77.84
1,2026-05-05,19.05,2.97,86.53,77.58
1,2026-05-06,19.38,4.64,80.69,67.77
1,2026-05-07,20.33,4.84,80.76,71.04
1,2026-05-08,14.46,3.52,80.41,70.68
1,2026-05-09,17.53,5.38,76.51,63.27
1,2026-05-10,15.14,4.69,76.36,66.02
1,2026-05-11,18.95,1.06,94.72,93.34
1,2026-05-12,14.58,5.02,74.39,62.83
1,2026-05-13,19.65,0.95,95.4,89.16
1,2026-05-14,20.5,5.71,78.22,62.57
1,2026-05-15,21.89,4.64,82.5,71.06
1,2026-05-16,20.22,3.57,84.99,77.2
1,2026-05-17,17.39,5.48,76.03,65.0
1,2026-05-18,14.09,3.08,82.07,72.91
1,2026-05-19,14.45,1.15,92.61,91.27
1,2026-05-20,19.97,3.71,84.34,74.44
1,2026-05-21,21.7,2.56,89.44,86.39
1,2026-05-22,15.79,5.8,73.14,60.34
1,2026-05-23,14.1,5.83,70.73,59.73
1,2026-05-24,14.59,3.55,80.45,73.39
1,2026-05-25,21.75,3.38,86.56,84.16
1,2026-05-26,17.64,3.95,81.7,76.67
1,2026-05-27,18.67,5.46,77.39,73.05
1,2026-05-28,16.22,1.53,91.36,85.86
1,2026-05-29,17.71,2.44,87.88,80.71
1,2026-05-30,21.8,5.92,78.63,67.23
1,2026-05-31,19.59,3.45,85.03,80.98
1,2026-06-01,19.48,1.39,93.32,88.8
1,2026-06-02,21.29,5.02,80.91,66.9
1,2026-06-03,21.46,5.26,80.31,75.27
1,2026-06-04,14.36,0.65,95.7,97.95
1,2026-06-05,21.9,1.33,94.29,90.22
1,2026-06-06,18.75,2.59,87.84,82.31
1,2026-06-07,17.32,2.0,89.63,89.34
1,2026-06-08,14.45,5.26,73.33,62.83
1,2026-06-09,20.15,5.7,77.96,66.71
1,2026-06-10,20.8,1.86,91.79,84.87
1,2026-06-11,21.63,3.83,84.95,76.85
1,2026-06-12,15.83,4.19,79.05,66.06
1,2026-06-13,14.91,4.19,78.05,73.49
1,2026-06-14,18.16,4.75,79.28,73.32
1,2026-06-15,18.42,3.59,83.7,76.74
1,2026-06-16,21.01,2.72,88.54,85.04
1,2026-06-17,19.63,1.67,92.15,92.92
1,2026-06-18,15.09,0.58,96.3,98.31
1,2026-06-19,17.14,2.91,85.5,74.41
1,2026-06-20,21.23,2.42,89.79,89.46
1,2026-06-21,17.17,3.92,81.41,73.79
1,2026-06-22,20.9,5.72,78.5,61.95
1,2026-06-23,17.67,5.89,75.0,63.06
1,2026-06-24,17.94,2.31,88.6,80.07
1,2026-06-25,14.61,1.21,92.36,91.95
1,2026-06-26,15.02,1.34,91.84,90.27
1,2026-06-27,15.46,2.4,86.55,78.93
1,2026-06-28,21.17,3.11,87.2,78.03
1,2026-06-29,15.54,0.72,95.54,95.61
2,2026-01-01,15.35,2.03,88.31,83.92
2,2026-01-02,15.65,2.5,86.21,78.1
2,2026-01-03,18.03,4.3,80.75,70.06
2,2026-01-04,20.99,5.56,79.04,68.56
2,2026-01-05,14.49,2.02,87.75,85.55
2,2026-01-06,15.48,1.65,90.36,89.33
2,2026-01-07,16.96,3.16,84.28,73.4
2,2026-01-08,17.7,4.61,79.33,74.21
2,2026-01-09,14.29,1.89,88.33,86.28
2,2026-01-10,18.09,3.43,84.08,78.16
2,2026-01-11,14.86,2.96,83.38,72.64
2,2026-01-12,16.15,2.58,86.25,81.71
2,2026-01-13,14.16,2.27,86.18,79.69
2,2026-01-14,14.96,5.4,73.48,59.44
2,2026-01-15,18.75,4.24,81.57,73.08
2,2026-01-16,14.7,3.45,80.97,78.5
2,2026-01-17,18.69,4.6,80.25,67.94
2,2026-01-18,16.27,2.5,86.7,81.13
2,2026-01-19,19.17,3.64,84.04,72.57
2,2026-01-20,14.81,1.34,91.7,90.71
2,2026-01-21,15.97,1.38,92.03,87.48
2,2026-01-22,15.39,5.43,73.91,60.45
2,2026-01-23,14.64,3.38,81.22,75.27
2,2026-01-24,14.9,2.69,84.71,79.19
2,2026-01-25,21.76,5.26,80.53,68.28
2,2026-01-26,15.37,4.18,78.63,72.54
2,2026-01-27,21.44,3.56,85.75,73.62
2,2026-01-28,20.16,1.53,92.95,91.52
2,2026-01-29,16.59,2.84,85.38,74.82
2,2026-01-30,14.92,3.86,79.45,71.88
2,2026-01-31,16.31,3.7,81.52,73.93
2,2026-02-01,18.26,0.79,95.88,90.68
2,2026-02-02,16.69,1.24,93.09,93.63
2,2026-02-03,16.04,4.25,79.06,68.83
2,2026-02-04,20.08,3.78,84.17,69.21
2,2026-02-05,16.79,5.61,74.95,61.33
2,2026-02-06,20.64,5.81,78.05,67.54
2,2026-02-07,21.51,1.5,93.49,88.69
2,2026-02-08,14.53,4.58,76.05,70.4
2,2026-02-09,15.12,4.87,75.62,66.64
2,2026-02-10,15.61,1.4,91.77,90.15
2,2026-02-11,19.32,3.38,85.12,77.11
2,2026-02-12,16.87,5.32,76.01,68.96
2,2026-02-13,17.51,2.57,87.19,80.82
2,2026-02-14,17.7,2.16,89.14,84.88
2,2026-02-15,15.86,5.45,74.43,68.56
2,2026-02-16,17.07,3.49,83.03,76.76
2,2026-02-17,14.94,5.67,72.49,63.46
2,2026-02-18,19.02,2.34,89.04,85.37
2,2026-02-19,18.96,3.43,84.67,76.55
2,2026-02-20,21.15,4.84,81.39,70.33
2,2026-02-21,15.99,4.59,77.69,65.96
2,2026-02-22,14.27,3.63,79.7,73.87
2,2026-02-23,16.74,5.02,76.94,67.9
2,2026-02-24,14.89,5.16,74.27,63.15
2,2026-02-25,20.38,1.32,93.9,88.31
2,2026-02-26,15.83,4.47,77.98,71.64
2,2026-02-27,19.55,3.48,84.87,81.97
2,2026-02-28,16.01,2.4,86.96,76.82
2,2026-03-01,17.7,5.71,75.6,68.67
2,2026-03-02,15.23,3.72,80.35,80.24
2,2026-03-03,14.14,5.3,72.76,62.55
2,2026-03-04,21.46,3.61,85.6,79.83
2,2026-03-05,19.66,1.34,93.62,91.62
2,2026-03-06,18.61,3.84,82.91,80.01
2,2026-03-07,21.47,5.59,79.34,66.63
2,2026-03-08,17.61,1.12,94.01,91.93
2,2026-03-09,18.73,2.69,87.42,85.32
2,2026-03-10,14.44,2.34,86.03,78.31
2,2026-03-11,18.3,5.56,76.7,60.62
2,2026-03-12,16.77,2.41,87.44,81.62
2,2026-03-13,15.8,2.99,84.09,83.12
2,2026-03-14,15.13,1.47,91.14,80.11
2,2026-03-15,21.32,2.49,89.53,84.38
2,2026-03-16,18.64,3.98,82.42,73.66
2,2026-03-17,14.68,5.98,71.05,55.76
2,2026-03-18,18.02,3.77,82.68,75.17
2,2026-03-19,15.68,5.44,74.24,63.29
2,2026-03-20,15.64,1.55,90.99,87.79
2,2026-03-21,18.52,0.86,95.56,92.2
2,2026-03-22,20.2,2.99,87.1,73.16
2,2026-03-23,17.21,3.58,82.78,78.9
2,2026-03-24,15.24,1.5,91.04,83.81
2,2026-03-25,19.15,2.75,87.45,79.62
2,2026-03-26,14.2,1.36,91.27,91.36
2,2026-03-27,14.22,1.72,89.2,89.58
2,2026-03-28,15.85,4.2,79.07,69.1
2,2026-03-29,19.22,1.81,91.39,89.24
2,2026-03-30,14.8,1.84,88.95,87.41
2,2026-03-31,20.64,2.68,88.49,84.46
2,2026-04-01,19.34,1.63,92.24,90.76
2,2026-04-02,14.1,0.97,93.56,90.69
2,2026-04-03,15.66,0.65,96.04,95.73
2,2026-04-04,17.37,5.41,76.25,61.68
2,2026-04-05,20.54,2.38,89.62,82.74
2,2026-04-06,18.72,1.97,90.46,82.29
2,2026-04-07,18.99,2.75,87.35,75.6
2,2026-04-08,16.36,5.72,74.1,67.76
2,2026-04-09,20.11,1.27,94.06,91.4
2,2026-04-10,21.16,4.9,81.2,74.71
2,2026-04-11,17.4,0.62,96.54,96.22
2,2026-04-12,19.07,1.92,90.86,81.89
2,2026-04-13,15.11,5.09,74.8,64.67
2,2026-04-14,15.37,2.0,88.5,85.55
2,2026-04-15,14.15,5.53,71.9,61.43
2,2026-04-16,16.19,3.55,82.03,72.0
2,2026-04-17,19.21,5.06,79.14,69.78
2,2026-04-18,18.8,4.16,81.89,76.53
2,2026-04-19,15.4,5.53,73.58,57.0
2,2026-04-20,18.15,0.76,95.99,90.63
2,2026-04-21,15.33,4.56,77.08,68.52
2,2026-04-22,15.96,2.64,85.8,78.25
2,2026-04-23,16.31,2.46,86.91,79.07
2,2026-04-24,18.53,3.12,85.6,82.52
2,2026-04-25,19.31,5.65,77.36,63.48
2,2026-04-26,14.25,1.94,88.0,86.22
2,2026-04-27,18.76,0.78,95.99,100.0
2,2026-04-28,16.67,4.74,77.86,68.1
2,2026-04-29,14.85,0.91,94.21,92.28
2,2026-04-30,19.51,2.89,87.09,86.62
2,2026-05-01,15.97,5.01,76.14,68.03
2,2026-05-02,16.18,3.75,81.2,76.62
2,2026-05-03,16.89,1.0,94.39,92.16
2,2026-05-04,15.48,3.48,81.64,76.55
2,2026-05-05,20.98,4.53,82.25,74.88
2,2026-05-06,19.54,5.17,79.07,71.98
2,2026-05-07,16.0,3.19,83.37,78.27
2,2026-05-08,15.44,3.62,81.0,74.37
2,2026-05-09,21.32,0.69,96.88,92.26
2,2026-05-10,21.4,5.84,78.55,70.03
2,2026-05-11,21.55,3.11,87.4,81.27
2,2026-05-12,16.55,5.06,76.59,66.56
2,2026-05-13,14.3,3.78,79.09,70.23
2,2026-05-14,14.62,4.33,77.15,67.56
2,2026-05-15,16.72,4.49,78.84,69.31
2,2026-05-16,18.32,4.85,79.07,68.05
2,2026-05-17,16.55,3.94,80.76,73.68
2,2026-05-18,15.86,0.63,96.16,97.56
2,2026-05-19,20.96,0.62,97.14,96.15
2,2026-05-20,21.51,4.89,81.47,74.88
2,2026-05-21,21.98,2.43,90.05,83.64
2,2026-05-22,17.84,3.95,81.87,78.19
2,2026-05-23,20.99,5.91,78.02,64.86
2,2026-05-24,17.37,4.56,79.22,74.47
2,2026-05-25,15.91,1.11,93.49,87.24
2,2026-05-26,16.37,1.78,90.17,83.84
2,2026-05-27,14.34,0.6,95.99,94.69
2,2026-05-28,17.07,4.24,80.11,72.34
2,2026-05-29,15.75,5.72,73.34,64.84
2,2026-05-30,21.56,3.07,87.53,80.75
2,2026-05-31,18.91,1.42,93.02,90.68
2,2026-06-01,18.86,3.32,85.03,79.87
2,2026-06-02,15.85,1.47,91.51,86.69
2,2026-06-03,20.24,2.43,89.3,82.78
2,2026-06-04,14.46,5.83,71.27,63.87
2,2026-06-05,19.57,1.35,93.56,89.16
2,2026-06-06,20.53,1.73,92.21,89.35
2,2026-06-07,18.74,3.69,83.55,71.62
2,2026-06-08,14.73,5.33,73.45,60.96
2,2026-06-09,21.11,5.76,78.57,65.9
2,2026-06-10,20.9,4.95,80.84,72.91
2,2026-06-11,14.7,2.75,84.25,84.79
2,2026-06-12,16.98,1.93,89.8,85.84
2,2026-06-13,14.65,1.71,89.54,91.5
2,2026-06-14,19.47,0.92,95.49,93.61
2,2026-06-15,17.84,3.76,82.6,78.65
2,2026-06-16,20.6,2.41,89.51,86.73
2,2026-06-17,16.14,5.33,75.16,70.04
2,2026-06-18,20.38,4.12,83.18,77.4
2,2026-06-19,19.58,4.24,82.2,75.24
2,2026-06-20,18.95,4.64,80.33,70.55
2,2026-06-21,16.68,4.59,78.42,69.69
2,2026-06-22,15.29,5.0,75.36,65.45
2,2026-06-23,14.05,2.08,87.11,86.79
2,2026-06-24,18.94,5.9,76.25,60.38
2,2026-06-25,19.07,3.47,84.61,79.91
2,2026-06-26,20.24,1.09,94.9,93.47
2,2026-06-27,21.7,2.38,90.12,90.09
2,2026-06-28,19.06,5.63,77.21,64.62
2,2026-06-29,16.41,4.39,78.87,70.67
3,2026-01-01,14.54,3.7,79.71,75.89
3,2026-01-02,14.37,5.29,73.07,57.92
3,2026-01-03,21.79,5.83,78.89,65.56
3,2026-01-04,20.07,0.64,96.93,96.79
3,2026-01-05,14.18,2.28,86.15,86.28
3,2026-01-06,19.47,2.95,86.83,80.73
3,2026-01-07,16.19,5.98,73.01,56.7
3,2026-01-08,15.31,4.87,75.86,59.52
3,2026-01-09,19.55,1.71,91.94,89.24
3,2026-01-10,19.24,2.0,90.57,84.87
3,2026-01-11,21.61,1.33,94.2,93.49
3,2026-01-12,17.36,4.01,81.23,72.9
3,2026-01-13,17.18,2.01,89.53,85.38
3,2026-01-14,21.15,1.76,92.3,89.5
3,2026-01-15,15.7,0.67,95.9,90.8
3,2026-01-16,20.91,3.1,87.08,85.21
3,2026-01-17,21.75,1.52,93.47,91.45
3,2026-01-18,20.17,5.15,79.67,70.75
3,2026-01-19,20.09,3.94,83.59,76.29
3,2026-01-20,20.37,3.15,86.61,82.44
3,2026-01-21,14.94,1.19,92.63,88.22
3,2026-01-22,15.6,3.2,82.97,81.96
3,2026-01-23,14.51,3.7,79.68,74.8
3,2026-01-24,16.48,3.0,84.59,76.62
3,2026-01-25,14.09,0.9,94.01,90.85
3,2026-01-26,18.8,2.1,89.93,78.45
3,2026-01-27,19.56,5.23,78.9,65.54
3,2026-01-28,15.94,5.93,72.89,60.9
3,2026-01-29,15.14,3.24,82.35,80.38
3,2026-01-30,18.48,0.55,97.09,98.61
3,2026-01-31,16.61,3.35,83.23,75.79
3,2026-02-01,14.27,0.93,93.87,89.96
3,2026-02-02,17.18,1.23,93.32,96.25
3,2026-02-03,20.4,1.6,92.73,91.45
3,2026-02-04,15.34,1.08,93.45,95.5
3,2026-02-05,14.25,5.65,71.61,63.09
3,2026-02-06,14.42,3.48,80.57,75.71
3,2026-02-07,19.71,4.91,80.06,71.42
3,2026-02-08,16.72,4.98,77.04,71.03
3,2026-02-09,17.62,4.04,81.35,73.86
3,2026-02-10,18.21,4.52,80.1,69.1
3,2026-02-11,20.97,1.71,92.48,87.62
3,2026-02-12,21.81,2.35,90.26,87.12
3,2026-02-13,19.27,3.24,85.61,77.4
3,2026-02-14,18.44,4.46,80.54,71.74
3,2026-02-15,15.6,4.24,78.62,70.5
3,2026-02-16,14.58,0.67,95.61,93.51
3,2026-02-17,20.95,4.5,82.32,68.31
3,2026-02-18,19.94,2.84,87.53,78.18
3,2026-02-19,21.9,0.72,96.81,90.98
3,2026-02-20,20.94,3.68,85.04,82.73
3,2026-02-21,17.89,5.3,77.14,65.15
3,2026-02-22,21.21,2.82,88.26,84.58
3,2026-02-23,21.3,1.66,92.78,84.73
3,2026-02-24,18.98,3.97,82.69,72.87
3,2026-02-25,19.73,5.5,78.2,68.39
3,2026-02-26,15.44,1.81,89.52,85.83
3,2026-02-27,15.98,5.29,75.13,68.07
3,2026-02-28,17.56,3.33,84.06,80.84
3,2026-03-01,15.31,2.65,85.24,74.72
3,2026-03-02,21.76,1.92,91.89,84.17
3,2026-03-03,20.19,1.22,94.3,95.34
3,2026-03-04,21.76,3.0,87.9,82.14
3,2026-03-05,16.7,5.06,76.75,62.78
3,2026-03-06,17.45,1.87,90.33,91.1
3,2026-03-07,15.34,1.42,91.52,91.22
3,2026-03-08,14.29,4.55,75.85,65.79
3,2026-03-09,20.75,4.93,80.8,77.17
3,2026-03-10,18.68,5.28,77.98,66.65
3,2026-03-11,16.16,0.81,95.2,92.99
3,2026-03-12,18.25,5.65,76.35,67.25
3,2026-03-13,16.53,3.29,83.4,76.58
3,2026-03-14,14.33,1.32,91.59,91.71
3,2026-03-15,17.64,3.34,84.1,78.46
3,2026-03-16,17.91,4.17,81.12,76.11
3,2026-03-17,15.61,4.2,78.79,67.26
3,2026-03-18,21.76,1.02,95.54,91.63
3,2026-03-19,20.95,1.47,93.42,96.22
3,2026-03-20,19.54,5.11,79.27,69.5
3,2026-03-21,17.98,3.9,82.18,75.48
3,2026-03-22,20.95,3.64,85.2,81.24
3,2026-03-23,15.73,4.12,79.22,74.54
3,2026-03-24,17.15,4.08,80.78,73.52
3,2026-03-25,22.0,0.77,96.64,92.85
3,2026-03-26,21.82,2.74,88.85,84.34
3,2026-03-27,18.54,4.56,80.25,72.39
3,2026-03-28,21.03,2.72,88.54,86.66
3,2026-03-29,20.46,4.69,81.35,68.28
3,2026-03-30,20.38,2.9,87.56,81.32
3,2026-03-31,18.36,0.53,97.19,96.5
3,2026-04-01,16.6,2.52,86.84,86.59
3,2026-04-02,17.11,2.97,85.22,76.74
3,2026-04-03,15.9,2.55,86.17,85.99
3,2026-04-04,18.96,3.05,86.14,83.07
3,2026-04-05,17.04,5.25,76.45,58.46
3,2026-04-06,14.21,2.38,85.67,87.79
3,2026-04-07,17.04,2.69,86.35,84.03
3,2026-04-08,18.86,4.71,80.03,77.94
3,2026-04-09,20.5,4.45,82.17,75.55
3,2026-04-10,15.95,5.6,74.02,63.66
3,2026-04-11,14.48,5.64,71.97,58.43
3,2026-04-12,17.89,1.91,90.34,85.68
3,2026-04-13,16.28,2.19,88.14,84.3
3,2026-04-14,16.49,3.86,81.04,77.51
3,2026-04-15,19.73,2.0,90.8,83.85
3,2026-04-16,15.45,4.25,78.44,69.27
3,2026-04-17,15.45,3.39,82.01,73.43
3,2026-04-18,18.54,1.91,90.65,87.79
3,2026-04-19,21.7,3.16,87.29,81.65
3,2026-04-20,14.35,3.98,78.27,74.4
3,2026-04-21,21.61,3.81,85.02,77.55
3,2026-04-22,15.82,1.67,90.47,87.26
3,2026-04-23,18.89,2.76,87.25,77.99
3,2026-04-24,20.24,2.01,90.96,84.86
3,2026-04-25,20.58,2.83,87.91,80.23
3,2026-04-26,18.99,2.98,86.42,81.29
3,2026-04-27,18.69,1.42,92.92,91.97
3,2026-04-28,15.73,1.03,93.88,93.06
3,2026-04-29,14.19,4.03,77.88,72.71
3,2026-04-30,15.86,2.65,85.68,87.01
3,2026-05-01,18.76,3.23,85.3,76.42
3,2026-05-02,17.43,4.45,79.67,75.69
3,2026-05-03,19.54,5.95,76.65,66.45
3,2026-05-04,16.19,0.94,94.53,97.54
3,2026-05-05,14.69,5.42,73.05,60.47
3,2026-05-06,15.81,2.45,86.57,78.62
3,2026-05-07,14.56,3.35,81.27,75.26
3,2026-05-08,21.04,4.08,83.76,70.93
3,2026-05-09,18.26,2.28,88.89,88.0
3,2026-05-10,21.95,4.14,84.13,72.22
3,2026-05-11,18.46,4.52,80.34,69.19
3,2026-05-12,18.5,5.77,76.23,64.53
3,2026-05-13,15.4,4.3,78.2,70.11
3,2026-05-14,14.77,2.98,83.23,73.03
3,2026-05-15,20.05,2.41,89.26,87.71
3,2026-05-16,21.42,1.79,92.28,90.53
3,2026-05-17,17.19,1.34,92.78,93.74
3,2026-05-18,18.17,3.93,82.22,74.78
3,2026-05-19,14.71,4.65,75.97,67.06
3,2026-05-20,20.26,4.4,82.16,72.91
3,2026-05-21,14.29,2.17,86.83,80.14
3,2026-05-22,14.7,5.65,72.23,56.93
3,2026-05-23,18.43,2.18,89.42,81.75
3,2026-05-24,18.8,3.34,84.93,71.8
3,2026-05-25,21.36,3.23,86.85,80.63
3,2026-05-26,17.04,5.33,76.18,65.23
3,2026-05-27,20.94,4.93,80.94,69.07
3,2026-05-28,14.65,2.72,84.36,81.9
3,2026-05-29,15.39,4.32,78.07,69.51
3,2026-05-30,19.13,5.02,79.2,69.12
3,2026-05-31,15.06,5.24,74.18,63.63
3,2026-06-01,18.85,4.71,80.02,73.06
3,2026-06-02,15.4,3.26,82.51,72.79
3,2026-06-03,16.94,0.87,95.09,92.42
3,2026-06-04,14.21,1.24,91.95,89.64
3,2026-06-05,21.73,2.88,88.3,84.13
3,2026-06-06,16.49,3.28,83.4,74.01
3,2026-06-07,19.13,1.69,91.89,88.08
3,2026-06-08,18.96,4.08,82.3,73.51
3,2026-06-09,14.47,5.97,70.78,63.31
3,2026-06-10,14.46,4.32,76.99,66.5
3,2026-06-11,19.54,0.84,95.87,93.27
3,2026-06-12,18.08,5.98,75.13,64.48
3,2026-06-13,16.45,3.93,80.71,76.42
3,2026-06-14,18.22,2.84,86.5,76.71
3,2026-06-15,16.94,2.78,85.91,79.68
3,2026-06-16,20.62,4.53,81.97,71.17
3,2026-06-17,14.15,1.93,88.01,76.37
3,2026-06-18,20.08,1.25,94.12,87.18
3,2026-06-19,14.1,1.83,88.53,85.43
3,2026-06-20,21.81,4.91,81.63,71.76
3,2026-06-21,14.88,3.51,80.89,75.61
3,2026-06-22,17.64,5.14,77.42,67.05
3,2026-06-23,15.2,2.29,86.93,79.56
3,2026-06-24,19.9,3.12,86.45,76.1
3,2026-06-25,17.68,4.82,78.58,64.11
3,2026-06-26,21.14,5.75,78.6,65.09
3,2026-06-27,19.51,2.91,87.03,84.34
3,2026-06-28,16.04,5.12,75.78,72.01
3,2026-06-29,19.27,5.42,78.04,65.38
4,2026-01-01,19.09,3.88,83.12,75.47
4,2026-01-02,15.2,4.56,76.94,65.57
4,2026-01-03,18.1,4.24,81.01,71.44
4,2026-01-04,14.57,0.57,96.26,95.68
4,2026-01-05,21.65,4.56,82.62,69.46
4,2026-01-06,16.8,4.76,77.92,65.48
4,2026-01-07,19.29,1.52,92.7,93.22
4,2026-01-08,16.12,0.62,96.32,97.25
4,2026-01-09,14.66,5.82,71.57,62.91
4,2026-01-10,19.0,2.6,87.96,80.49
4,2026-01-11,15.65,1.17,93.06,94.7
4,2026-01-12,19.15,3.42,84.86,79.7
4,2026-01-13,14.34,5.83,71.1,57.52
4,2026-01-14,21.84,3.81,85.14,80.31
4,2026-01-15,18.66,4.61,80.17,72.56
4,2026-01-16,15.02,2.36,86.42,84.92
4,2026-01-17,21.42,1.74,92.51,85.9
4,2026-01-18,17.52,3.87,81.9,68.26
4,2026-01-19,21.54,1.82,92.2,87.88
4,2026-01-20,21.1,4.05,83.89,74.95
4,2026-01-21,16.29,4.99,76.56,66.08
4,2026-01-22,20.04,3.03,86.86,81.64
4,2026-01-23,20.74,4.51,82.15,75.12
4,2026-01-24,15.42,3.5,81.51,78.04
4,2026-01-25,21.88,5.66,79.46,69.35
4,2026-01-26,20.54,1.67,92.46,87.16
4,2026-01-27,18.05,5.12,77.89,68.57
4,2026-01-28,18.72,3.3,85.03,83.55
4,2026-01-29,16.38,3.61,81.95,77.0
4,2026-01-30,19.09,4.69,80.29,72.06
4,2026-01-31,15.28,3.04,83.41,76.71
4,2026-02-01,20.4,1.62,92.63,86.84
4,2026-02-02,18.44,4.53,80.27,67.62
4,2026-02-03,16.84,4.81,77.78,69.5
4,2026-02-04,18.43,0.53,97.21,93.8
4,2026-02-05,21.66,2.52,89.57,86.46
4,2026-02-06,16.62,1.32,92.65,92.18
4,2026-02-07,21.97,2.53,89.69,83.52
4,2026-02-08,17.59,4.47,79.73,71.46
4,2026-02-09,17.13,2.77,86.08,83.34
4,2026-02-10,19.56,0.52,97.42,91.81
4,2026-02-11,20.35,1.01,95.27,97.03
4,2026-02-12,18.71,3.15,85.61,77.62
4,2026-02-13,18.64,3.59,83.86,77.23
4,2026-02-14,18.49,3.82,82.88,78.31
4,2026-02-15,16.16,5.04,76.23,67.93
4,2026-02-16,17.99,0.92,95.11,92.76
4,2026-02-17,20.28,4.39,82.2,72.05
4,2026-02-18,20.31,3.34,85.86,75.74
4,2026-02-19,16.63,2.89,85.2,78.85
4,2026-02-20,14.71,1.71,89.57,90.68
4,2026-02-21,21.99,5.63,79.61,70.24
4,2026-02-22,19.14,2.82,87.17,85.2
4,2026-02-23,14.95,2.75,84.44,80.68
4,2026-02-24,20.72,2.61,88.81,89.24
4,2026-02-25,15.48,2.49,86.13,85.77
4,2026-02-26,16.68,0.64,96.28,95.42
4,2026-02-27,16.39,5.67,74.28,57.63
4,2026-02-28,16.07,2.86,84.88,80.7
4,2026-03-01,17.67,3.16,84.84,76.93
4,2026-03-02,15.07,0.94,94.11,92.14
4,2026-03-03,17.49,4.51,79.5,75.79
4,2026-03-04,20.12,1.37,93.61,87.87
4,2026-03-05,20.01,4.11,82.95,75.63
4,2026-03-06,21.65,0.88,96.1,94.04
4,2026-03-07,16.09,1.86,89.65,85.32
4,2026-03-08,21.25,1.87,91.9,90.9
4,2026-03-09,17.6,4.77,78.67,66.71
4,2026-03-10,14.52,3.18,82.03,68.39
4,2026-03-11,16.78,5.45,75.49,67.24
4,2026-03-12,14.17,4.15,77.35,69.25
4,2026-03-13,21.49,0.79,96.47,96.44
4,2026-03-14,17.35,1.93,89.99,88.51
4,2026-03-15,15.58,3.61,81.2,70.21
4,2026-03-16,17.71,5.85,75.18,58.65
4,2026-03-17,14.91,1.33,91.8,92.63
4,2026-03-18,15.8,1.88,89.37,86.21
4,2026-03-19,18.19,1.13,94.14,95.33
4,2026-03-20,20.88,4.48,82.35,73.93
4,2026-03-21,18.35,0.95,95.08,92.08
4,2026-03-22,17.67,3.17,84.8,79.78
4,2026-03-23,17.7,2.76,86.49,83.67
4,2026-03-24,19.21,3.5,84.59,77.65
4,2026-03-25,20.45,3.03,87.11,78.88
4,2026-03-26,14.42,4.82,74.92,63.34
4,2026-03-27,15.32,2.32,86.87,79.84
4,2026-03-28,20.05,3.36,85.66,79.92
4,2026-03-29,21.04,5.29,79.91,68.58
4,2026-03-30,15.91,2.98,84.22,80.9
4,2026-03-31,18.31,3.24,84.97,78.26
4,2026-04-01,14.84,4.11,78.31,68.8
4,2026-04-02,20.2,5.8,77.68,69.52
4,2026-04-03,15.63,3.38,82.23,78.23
4,2026-04-04,18.62,3.99,82.35,72.37
4,2026-04-05,20.38,2.68,88.39,83.24
4,2026-04-06,15.26,4.33,77.91,71.81
4,2026-04-07,20.35,2.24,90.07,84.58
4,2026-04-08,15.47,5.42,74.07,62.03
4,2026-04-09,19.23,1.34,93.5,97.02
4,2026-04-10,14.67,5.35,73.26,59.35
4,2026-04-11,20.43,3.28,86.17,79.37
4,2026-04-12,21.87,4.17,83.98,76.99
4,2026-04-13,19.08,1.41,93.11,89.72
4,2026-04-14,15.3,0.57,96.41,98.23
4,2026-04-15,18.48,3.4,84.46,79.39
4,2026-04-16,14.64,4.52,76.39,68.32
4,2026-04-17,15.5,5.22,74.81,64.87
4,2026-04-18,19.68,2.23,89.83,89.32
4,2026-04-19,17.77,5.02,77.98,61.57
4,2026-04-20,17.95,5.06,78.03,66.09
4,2026-04-21,16.68,1.46,91.97,91.58
4,2026-04-22,14.81,1.82,89.06,87.06
4,2026-04-23,15.14,2.41,86.25,86.27
4,2026-04-24,19.21,3.92,83.07,74.27
4,2026-04-25,16.82,5.13,76.63,67.59
4,2026-04-26,19.07,1.19,94.11,91.65
4,2026-04-27,19.41,2.29,89.45,83.48
4,2026-04-28,15.4,5.21,74.73,64.92
4,2026-04-29,15.82,5.1,75.6,68.01
4,2026-04-30,19.55,3.32,85.49,74.81
4,2026-05-01,16.44,1.67,90.78,88.98
4,2026-05-02,20.97,4.71,81.65,72.76
4,2026-05-03,20.31,4.16,83.01,75.92
4,2026-05-04,19.37,3.58,84.39,76.5
4,2026-05-05,14.89,2.96,83.42,80.82
4,2026-05-06,18.37,2.59,87.64,82.09
4,2026-05-07,21.81,1.11,95.16,91.34
4,2026-05-08,19.92,5.55,78.21,66.84
4,2026-05-09,16.24,5.22,75.67,66.77
4,2026-05-10,20.03,4.93,80.26,69.63
4,2026-05-11,14.14,5.8,70.93,56.54
4,2026-05-12,20.64,2.05,90.97,90.13
4,2026-05-13,20.98,1.12,94.94,93.8
4,2026-05-14,14.77,1.83,88.98,90.83
4,2026-05-15,14.1,3.08,82.08,78.32
4,2026-05-16,16.38,2.15,88.4,79.25
4,2026-05-17,19.95,0.76,96.31,97.63
4,2026-05-18,21.14,1.52,93.29,95.39
4,2026-05-19,14.63,1.82,88.95,85.53
4,2026-05-20,14.51,5.07,74.1,67.44
4,2026-05-21,18.79,1.13,94.32,94.98
4,2026-05-22,21.03,3.64,85.23,79.44
4,2026-05-23,18.14,2.87,86.35,78.65
4,2026-05-24,20.19,3.81,84.12,71.01
4,2026-05-25,21.14,2.94,87.8,86.76
4,2026-05-26,18.73,4.36,81.1,76.32
4,2026-05-27,15.9,3.32,82.73,75.36
4,2026-05-28,17.9,4.09,81.41,70.71
4,2026-05-29,21.6,3.8,85.03,77.55
4,2026-05-30,19.07,0.89,95.54,98.85
4,2026-05-31,16.04,2.49,86.56,79.74
4,2026-06-01,15.12,2.02,88.2,84.05
4,2026-06-02,21.77,2.32,90.36,81.5
4,2026-06-03,18.89,2.04,90.24,85.9
4,2026-06-04,15.66,3.34,82.41,74.8
4,2026-06-05,20.42,3.65,84.85,75.3
4,2026-06-06,18.1,2.11,89.54,84.83
4,2026-06-07,14.7,3.89,79.05,73.28
4,2026-06-08,14.91,2.4,86.14,84.57
4,2026-06-09,17.95,4.36,80.45,71.79
4,2026-06-10,21.94,1.22,94.72,90.15
4,2026-06-11,17.37,2.76,86.29,76.23
4,2026-06-12,21.26,4.43,82.77,69.17
4,2026-06-13,20.59,5.75,78.16,69.34
4,2026-06-14,20.57,0.51,97.59,95.12
4,2026-06-15,16.06,0.83,95.1,93.89
4,2026-06-16,18.83,4.28,81.49,72.14
4,2026-06-17,17.65,2.53,87.46,79.73
4,2026-06-18,14.97,2.8,84.22,78.22
4,2026-06-19,14.64,2.45,85.66,80.99
4,2026-06-20,21.53,4.18,83.75,72.13
4,2026-06-21,18.75,0.56,97.12,100.0
4,2026-06-22,19.09,5.52,77.56,69.37
4,2026-06-23,19.79,1.16,94.45,92.98
4,2026-06-24,21.22,0.87,96.08,90.92
4,2026-06-25,14.09,2.82,83.32,78.0
4,2026-06-26,16.36,3.17,83.76,75.76
4,2026-06-27,14.98,3.57,80.75,73.88
4,2026-06-28,16.75,4.51,78.78,72.67
4,2026-06-29,19.54,2.86,87.21,82.77
5,2026-01-01,19.38,2.01,90.59,89.56
5,2026-01-02,17.57,4.89,78.23,66.43
5,2026-01-03,20.58,5.22,79.78,68.94
5,2026-01-04,16.55,3.7,81.72,76.75
5,2026-01-05,16.97,3.81,81.68,77.17
5,2026-01-06,17.0,1.42,92.3,92.85
5,2026-01-07,17.44,1.28,93.14,89.65
5,2026-01-08,15.24,0.64,95.97,97.03
5,2026-01-09,19.17,4.0,82.72,73.03
5,2026-01-10,17.28,2.21,88.65,83.6
5,2026-01-11,19.42,3.83,83.52,72.15
5,2026-01-12,21.9,3.0,87.96,80.19
5,2026-01-13,19.51,1.27,93.87,89.91
5,2026-01-14,18.04,5.8,75.67,64.02
5,2026-01-15,17.07,0.71,95.98,94.29
5,2026-01-16,15.28,0.63,96.05,93.68
5,2026-01-17,20.05,3.02,86.9,82.54
5,2026-01-18,14.93,5.76,72.17,59.77
5,2026-01-19,16.51,5.39,75.4,68.15
5,2026-01-20,21.87,2.09,91.29,88.23
5,2026-01-21,21.69,2.64,89.14,79.14
5,2026-01-22,18.33,1.35,93.15,87.08
5,2026-01-23,18.43,3.48,84.12,79.07
5,2026-01-24,17.52,2.16,89.01,86.19
5,2026-01-25,16.07,1.57,91.1,87.45
5,2026-01-26,16.16,5.82,73.54,60.49
5,2026-01-27,18.46,2.41,88.45,80.41
5,2026-01-28,17.55,3.94,81.65,74.48
5,2026-01-29,17.91,2.71,86.86,84.74
5,2026-01-30,18.97,1.61,92.19,94.85
5,2026-01-31,17.16,0.72,95.99,100.0
5,2026-02-01,15.82,5.8,73.17,57.05
5,2026-02-02,21.28,4.47,82.63,76.95
5,2026-02-03,15.05,4.85,75.63,66.23
5,2026-02-04,15.0,4.87,75.5,67.62
5,2026-02-05,21.55,1.32,94.24,90.49
5,2026-02-06,17.7,5.9,75.02,66.6
5,2026-02-07,18.71,2.56,87.95,82.66
5,2026-02-08,16.29,1.62,90.96,85.94
5,2026-02-09,18.09,3.21,84.94,82.65
5,2026-02-10,18.62,5.26,77.97,67.28
5,2026-02-11,20.62,4.7,81.42,72.87
5,2026-02-12,18.59,5.76,76.35,64.24
5,2026-02-13,20.83,2.92,87.72,81.44
5,2026-02-14,20.78,5.41,79.33,70.29
5,2026-02-15,19.01,5.6,77.26,57.25
5,2026-02-16,14.15,3.12,81.92,79.05
5,2026-02-17,19.54,1.24,94.04,94.4
5,2026-02-18,16.4,2.47,86.89,80.07
5,2026-02-19,15.69,5.77,73.12,64.18
5,2026-02-20,14.07,5.99,70.15,61.03
5,2026-02-21,16.36,0.58,96.58,96.96
5,2026-02-22,19.9,5.09,79.64,67.54
5,2026-02-23,20.03,4.73,80.9,72.74
5,2026-02-24,19.27,4.71,80.35,71.97
5,2026-02-25,14.71,3.18,82.21,79.06
5,2026-02-26,14.62,2.74,84.21,76.7
5,2026-02-27,16.79,1.11,93.8,91.14
5,2026-02-28,20.47,5.71,78.18,61.07
5,2026-03-01,14.61,3.25,81.79,75.93
5,2026-03-02,20.36,4.39,82.26,68.66
5,2026-03-03,15.86,2.05,88.58,82.2
5,2026-03-04,20.43,5.61,78.45,69.72
5,2026-03-05,16.57,3.12,84.15,77.33
5,2026-03-06,15.81,4.02,79.72,71.85
5,2026-03-07,16.86,4.06,80.58,73.29
5,2026-03-08,14.98,5.39,73.55,53.72
5,2026-03-09,18.69,3.94,82.6,75.28
5,2026-03-10,14.57,4.25,77.4,71.32
5,2026-03-11,20.58,4.92,80.7,67.94
5,2026-03-12,18.42,3.36,84.57,79.02
5,2026-03-13,16.17,3.23,83.34,75.35
5,2026-03-14,16.27,1.24,92.94,88.9
5,2026-03-15,19.99,2.25,89.9,85.86
5,2026-03-16,14.0,3.31,80.87,73.27
5,2026-03-17,20.71,0.52,97.55,96.97
5,2026-03-18,15.97,4.57,77.74,66.61
5,2026-03-19,16.88,1.99,89.47,84.58
5,2026-03-20,20.74,2.22,90.32,86.66
5,2026-03-21,17.47,5.5,76.04,65.61
5,2026-03-22,17.02,5.8,74.57,63.77
5,2026-03-23,17.95,2.63,87.21,80.2
5,2026-03-24,19.06,4.37,81.35,75.5
5,2026-03-25,21.73,4.69,82.26,76.6
5,2026-03-26,21.61,4.36,83.2,72.62
5,2026-03-27,20.25,4.04,83.36,74.33
5,2026-03-28,14.39,2.48,85.29,80.34
5,2026-03-29,17.46,3.02,85.27,81.04
5,2026-03-30,15.67,2.53,86.11,79.53
5,2026-03-31,20.14,2.79,87.83,81.8
5,2026-04-01,20.58,5.18,79.9,71.41
5,2026-04-02,17.78,5.34,76.9,62.8
5,2026-04-03,15.73,4.23,78.81,65.69
5,2026-04-04,15.09,4.08,78.7,72.99
5,2026-04-05,19.91,2.24,89.9,81.86
5,2026-04-06,19.71,1.6,92.51,94.25
5,2026-04-07,21.12,2.08,91.03,85.24
5,2026-04-08,14.89,3.34,81.69,74.53
5,2026-04-09,16.14,5.1,76.01,65.13
5,2026-04-10,17.94,2.72,86.82,78.39
5,2026-04-11,18.25,3.77,82.87,75.26
5,2026-04-12,21.71,3.35,86.61,79.12
5,2026-04-13,19.42,2.22,89.76,87.48
5,2026-04-14,18.17,5.87,75.59,66.01
5,2026-04-15,15.0,0.59,96.2,97.03
5,2026-04-16,14.96,1.96,88.41,86.27
5,2026-04-17,14.14,2.11,87.0,83.08
5,2026-04-18,16.78,2.54,86.84,86.39
5,2026-04-19,14.01,2.15,86.7,82.9
5,2026-04-20,20.78,0.63,97.06,95.95
5,2026-04-21,21.19,4.81,81.51,71.22
5,2026-04-22,17.18,2.17,88.81,88.94
5,2026-04-23,14.53,1.76,89.22,85.4
5,2026-04-24,19.98,3.11,86.55,75.4
5,2026-04-25,14.46,5.77,71.49,60.02
5,2026-04-26,21.7,0.92,95.95,94.81
5,2026-04-27,16.93,1.74,90.68,86.08
5,2026-04-28,18.98,4.8,79.82,69.28
5,2026-04-29,18.63,1.31,93.44,92.32
5,2026-04-30,17.11,4.21,80.26,75.26
5,2026-05-01,16.08,2.4,87.02,81.52
5,2026-05-02,17.76,5.4,76.7,67.31
5,2026-05-03,19.66,0.84,95.89,91.7
5,2026-05-04,15.07,5.77,72.32,67.05
5,2026-05-05,18.24,1.83,90.88,93.29
5,2026-05-06,14.61,2.01,87.9,83.9
5,2026-05-07,20.46,3.03,87.11,74.41
5,2026-05-08,14.35,1.41,91.04,92.82
5,2026-05-09,17.56,1.65,91.41,86.82
5,2026-05-10,21.69,1.58,93.2,91.8
5,2026-05-11,21.61,5.97,78.35,61.61
5,2026-05-12,17.5,3.76,82.29,76.15
5,2026-05-13,14.58,3.92,78.8,72.24
5,2026-05-14,20.06,1.39,93.52,90.8
5,2026-05-15,17.82,4.45,80.01,73.27
5,2026-05-16,19.33,1.39,93.27,86.6
5,2026-05-17,18.52,4.74,79.61,69.18
5,2026-05-18,14.07,2.46,85.1,80.17
5,2026-05-19,21.41,1.76,92.41,85.15
5,2026-05-20,16.57,5.16,76.24,67.73
5,2026-05-21,19.83,1.02,95.09,91.73
5,2026-05-22,17.85,4.14,81.16,72.67
5,2026-05-23,14.95,2.09,87.74,85.79
5,2026-05-24,21.95,0.75,96.71,94.67
5,2026-05-25,20.09,2.54,88.76,87.93
5,2026-05-26,21.35,5.73,78.84,65.58
5,2026-05-27,18.62,2.46,88.31,81.33
5,2026-05-28,18.51,2.47,88.22,85.65
5,2026-05-29,19.25,1.82,91.35,87.75
5,2026-05-30,15.77,0.71,95.67,91.38
5,2026-05-31,14.29,1.46,90.71,86.56
5,2026-06-01,21.6,3.7,85.38,80.04
5,2026-06-02,17.49,3.69,82.58,80.05
5,2026-06-03,16.26,2.44,86.94,82.37
5,2026-06-04,21.15,5.71,78.76,66.78
5,2026-06-05,20.24,3.12,86.65,83.17
5,2026-06-06,17.98,1.63,91.71,84.7
5,2026-06-07,16.65,5.2,76.19,66.88
5,2026-06-08,15.66,0.89,94.61,85.02
5,2026-06-09,20.49,5.1,80.08,70.48
5,2026-06-10,16.66,4.31,79.43,72.84
5,2026-06-11,15.21,5.32,74.1,67.04
5,2026-06-12,18.31,2.05,89.92,84.3
5,2026-06-13,15.02,4.71,76.13,66.46
5,2026-06-14,14.0,2.79,83.38,75.77
5,2026-06-15,21.78,1.74,92.59,89.2
5,2026-06-16,16.43,2.17,88.33,86.02
5,2026-06-17,19.94,5.17,79.42,65.64
5,2026-06-18,17.38,2.17,88.92,88.17
5,2026-06-19,20.53,1.5,93.2,87.26
5,2026-06-20,16.97,5.46,75.65,62.94
5,2026-06-21,18.73,4.14,81.91,77.91
5,2026-06-22,14.63,3.49,80.72,71.24
5,2026-06-23,20.25,3.71,84.51,78.66
5,2026-06-24,21.62,0.73,96.72,97.2
5,2026-06-25,16.37,4.43,78.71,65.34
5,2026-06-26,20.07,1.06,94.97,98.83
5,2026-06-27,16.95,5.63,75.07,73.14
5,2026-06-28,20.62,4.33,82.63,73.0
5,2026-06-29,21.37,4.32,83.18,79.93
